ids,IG,column
1,1.304235,746
2,1.303446,862
3,1.299102,1025
4,1.290642,952
5,1.289372,1845
6,1.285279,1843
7,1.275765,1064
8,1.275612,2002
9,1.273149,1497
10,1.272411,1676
11,1.272025,3443
12,1.27147,3228
13,1.269673,1584
14,1.268139,3285
15,1.267617,2406
16,1.266663,1758
17,1.266191,1288
18,1.261826,997
19,1.261223,734
20,1.259215,823
21,1.257802,2171
22,1.257582,1065
23,1.257157,1792
24,1.257099,1458
25,1.255945,1209
26,1.255691,2413
27,1.25364,1248
28,1.253007,1422
29,1.251525,861
30,1.247533,1846
31,1.247031,870
32,1.246177,2437
33,1.244401,1194
34,1.243527,2191
35,1.240807,2000
36,1.240531,1984
37,1.237793,2304
38,1.236721,1522
39,1.233498,195
40,1.233295,2286
41,1.232842,2115
42,1.230774,735
43,1.2305,1832
44,1.230235,733
45,1.227502,2329
46,1.226852,2003
47,1.226743,2146
48,1.226457,2112
49,1.224813,2161
50,1.224435,2433
51,1.22372,2194
52,1.222503,1069
53,1.222295,1223
54,1.222267,1208
55,1.221711,2005
56,1.220294,1823
57,1.219848,1297
58,1.21955,975
59,1.218909,2237
60,1.217902,2331
61,1.216574,3227
62,1.216557,1520
63,1.216235,2140
64,1.212822,385
65,1.212423,1289
66,1.212188,1993
67,1.211606,907
68,1.210926,1560
69,1.210542,2821
70,1.209692,1243
71,1.209429,821
72,1.208709,2324
73,1.206273,2709
74,1.206224,2440
75,1.205983,1177
76,1.205632,1453
77,1.205586,1917
78,1.20555,1562
79,1.205355,1474
80,1.205249,1844
81,1.205168,1663
82,1.202772,2226
83,1.202632,3300
84,1.199789,922
85,1.199648,820
86,1.19916,2139
87,1.199155,871
88,1.199067,1298
89,1.198129,2530
90,1.19805,1670
91,1.197528,1647
92,1.197463,798
93,1.197451,2169
94,1.196371,1536
95,1.195183,2109
96,1.194943,3247
97,1.194702,1787
98,1.193874,2238
99,1.192455,994
100,1.191774,2330
101,1.191487,2166
102,1.190506,2398
103,1.190092,2104
104,1.189445,2576
105,1.18853,1176
106,1.18814,3261
107,1.187644,2824
108,1.18688,1665
109,1.186317,1664
110,1.186074,1842
111,1.185381,2716
112,1.185259,882
113,1.184077,2217
114,1.18319,1443
115,1.182926,2565
116,1.180936,1658
117,1.180912,2555
118,1.180776,2190
119,1.180029,1667
120,1.179955,1535
121,1.179184,999
122,1.178796,1662
123,1.178762,3432
124,1.178057,467
125,1.177753,2280
126,1.177421,2851
127,1.177098,2913
128,1.17669,1737
129,1.175713,2409
130,1.175693,530
131,1.175642,2174
132,1.174748,445
133,1.174702,2218
134,1.17409,444
135,1.173418,2900
136,1.173212,2261
137,1.17296,2012
138,1.171922,1028
139,1.171641,2734
140,1.170719,1019
141,1.170499,921
142,1.170224,3188
143,1.168882,1617
144,1.16759,1244
145,1.166726,1656
146,1.166661,2107
147,1.166167,1508
148,1.163751,3368
149,1.163598,455
150,1.16346,2575
151,1.1633,2644
152,1.16268,387
153,1.16262,383
154,1.161941,1786
155,1.161501,1660
156,1.161097,1534
157,1.160172,1629
158,1.159219,2332
159,1.159185,2170
160,1.158982,892
161,1.158435,193
162,1.158035,3224
163,1.157278,992
164,1.15725,2881
165,1.157192,2343
166,1.156567,891
167,1.156477,2278
168,1.15579,2358
169,1.155549,3236
170,1.154971,1992
171,1.15494,1830
172,1.153807,216
173,1.153483,1831
174,1.153468,1855
175,1.152465,2215
176,1.152218,1847
177,1.151801,2689
178,1.150667,1241
179,1.150394,744
180,1.150245,1269
181,1.149155,1210
182,1.149046,3191
183,1.14903,2558
184,1.148647,1999
185,1.14853,2224
186,1.147824,2896
187,1.147663,3404
188,1.1472,2180
189,1.146724,867
190,1.146715,1420
191,1.146339,1627
192,1.145775,2105
193,1.145645,1211
194,1.145493,1531
195,1.145423,2143
196,1.144005,1164
197,1.143847,2192
198,1.143499,1430
199,1.143476,1191
200,1.143469,1678
201,1.14321,1449
202,1.143097,2056
203,1.142493,205
204,1.142245,1649
205,1.141938,3433
206,1.141833,2512
207,1.141046,471
208,1.140797,2673
209,1.140548,2458
210,1.140332,2631
211,1.139433,3424
212,1.139391,2016
213,1.139209,482
214,1.138873,2456
215,1.138052,905
216,1.137981,2195
217,1.137427,1225
218,1.137418,799
219,1.137242,1734
220,1.136939,993
221,1.136756,1518
222,1.136189,727
223,1.135959,1559
224,1.135858,2859
225,1.135806,2737
226,1.135321,1583
227,1.135093,500
228,1.134734,3205
229,1.133708,2113
230,1.133699,2250
231,1.133092,427
232,1.132877,2578
233,1.132671,1224
234,1.132656,192
235,1.132098,1173
236,1.132013,2110
237,1.131823,3232
238,1.130735,1070
239,1.130241,904
240,1.130179,1614
241,1.129778,468
242,1.128094,3290
243,1.127573,1294
244,1.127344,2882
245,1.127274,2463
246,1.126389,2327
247,1.126308,1666
248,1.126146,1613
249,1.124836,2454
250,1.124794,3293
251,1.12369,1623
252,1.123337,3250
253,1.12299,2078
254,1.122434,1668
255,1.121158,2554
256,1.12001,869
257,1.11996,3233
258,1.119898,3311
259,1.119693,909
260,1.11942,2811
261,1.119,484
262,1.118976,3420
263,1.118375,1996
264,1.117748,1163
265,1.117285,1075
266,1.116718,2563
267,1.116552,3482
268,1.116523,2422
269,1.116406,2445
270,1.116168,1190
271,1.115582,3402
272,1.115322,3318
273,1.114982,2361
274,1.112776,1234
275,1.112616,2464
276,1.112412,1671
277,1.112299,1448
278,1.112287,1169
279,1.111527,3436
280,1.110495,2751
281,1.110492,3251
282,1.109971,2338
283,1.109926,2894
284,1.108697,2736
285,1.107961,2438
286,1.107289,1841
287,1.10666,1021
288,1.10604,2337
289,1.105751,738
290,1.104742,903
291,1.104452,2608
292,1.104123,1439
293,1.104101,2251
294,1.102675,1022
295,1.102029,2168
296,1.101683,2434
297,1.100839,1836
298,1.099752,2216
299,1.098898,1648
300,1.098718,2222
301,1.098645,801
302,1.098561,1500
303,1.098129,2172
304,1.09808,1233
305,1.098072,3239
306,1.097339,1015
307,1.096328,2004
308,1.095879,753
309,1.095834,2759
310,1.095678,2328
311,1.095113,529
312,1.094785,2277
313,1.094759,3256
314,1.09468,743
315,1.094487,1757
316,1.094394,929
317,1.092697,1798
318,1.092372,2525
319,1.091896,2916
320,1.091834,2069
321,1.091361,457
322,1.091037,3405
323,1.090555,1673
324,1.090327,1985
325,1.090015,900
326,1.09,2384
327,1.089416,2603
328,1.088797,1556
329,1.088393,1586
330,1.087618,3243
331,1.087106,3271
332,1.086783,218
333,1.086504,1674
334,1.086389,883
335,1.084797,386
336,1.084465,2439
337,1.084389,2610
338,1.084362,3408
339,1.084277,2323
340,1.084258,2429
341,1.083763,1764
342,1.083399,2843
343,1.083258,2706
344,1.082793,2741
345,1.082752,1188
346,1.082719,283
347,1.081797,1507
348,1.081441,1427
349,1.081398,3409
350,1.080495,2197
351,1.080321,1633
352,1.08015,1268
353,1.080019,1574
354,1.079763,1632
355,1.079723,2259
356,1.079591,3294
357,1.07915,2038
358,1.078518,2219
359,1.078145,3257
360,1.07808,2593
361,1.078003,1532
362,1.077451,2431
363,1.077144,1073
364,1.076432,886
365,1.076285,2713
366,1.075225,2849
367,1.075072,747
368,1.074879,1286
369,1.074821,2619
370,1.072563,2560
371,1.070807,2883
372,1.070398,3407
373,1.069994,1023
374,1.06992,1555
375,1.069464,1753
376,1.069399,1460
377,1.069389,1017
378,1.069312,1016
379,1.069098,442
380,1.068265,1612
381,1.06755,2588
382,1.067402,1571
383,1.066889,930
384,1.065892,1570
385,1.065755,1654
386,1.06508,1466
387,1.063933,1187
388,1.061659,2494
389,1.061617,730
390,1.061392,2605
391,1.061339,2233
392,1.061197,1625
393,1.06066,3237
394,1.060555,198
395,1.06046,736
396,1.059741,2179
397,1.059416,1240
398,1.059124,1995
399,1.058602,3313
400,1.058266,1721
401,1.05691,443
402,1.056522,1193
403,1.056134,1503
404,1.054609,2313
405,1.054453,1834
406,1.053959,2307
407,1.052662,3207
408,1.051715,2453
409,1.050676,1473
410,1.050143,797
411,1.050087,194
412,1.049839,2258
413,1.049626,3260
414,1.04939,1496
415,1.049252,2220
416,1.049247,3479
417,1.049195,2322
418,1.048567,2423
419,1.046837,897
420,1.046563,1711
421,1.046354,1557
422,1.046228,1068
423,1.044961,2426
424,1.044857,2333
425,1.044657,2867
426,1.043512,1581
427,1.042609,2225
428,1.042392,2160
429,1.04239,2682
430,1.042245,1824
431,1.041907,2399
432,1.040961,1859
433,1.040225,3464
434,1.039687,2015
435,1.039545,2825
436,1.038764,2442
437,1.038421,1072
438,1.036926,2357
439,1.036309,966
440,1.036221,3186
441,1.035928,2167
442,1.035025,931
443,1.034879,1719
444,1.034601,1071
445,1.033592,951
446,1.033565,2223
447,1.033385,3187
448,1.033325,2629
449,1.032733,3327
450,1.032372,2890
451,1.031934,2138
452,1.031736,1162
453,1.03171,1066
454,1.031692,2326
455,1.030464,1768
456,1.030133,1712
457,1.029002,1797
458,1.028097,3371
459,1.027646,1679
460,1.026585,2177
461,1.026074,1519
462,1.025623,217
463,1.025207,1857
464,1.025162,1488
465,1.02467,2173
466,1.024472,2551
467,1.024149,1732
468,1.023522,1997
469,1.022923,3438
470,1.022889,3259
471,1.022715,1293
472,1.022292,528
473,1.02229,2319
474,1.022208,1161
475,1.021089,857
476,1.020672,2557
477,1.020102,1769
478,1.019835,902
479,1.019447,1646
480,1.018879,1717
481,1.018879,3312
482,1.018475,1063
483,1.018425,1165
484,1.018377,928
485,1.01819,2236
486,1.017494,1837
487,1.016428,2041
488,1.016388,1495
489,1.016288,2455
490,1.016096,1553
491,1.015395,1261
492,1.015022,2339
493,1.014977,2193
494,1.014793,1461
495,1.01388,1569
496,1.012619,3297
497,1.012499,207
498,1.012471,209
499,1.012342,1669
500,1.01214,2374
501,1.012047,911
502,1.010869,2813
503,1.010528,384
504,1.010015,1651
505,1.009938,1486
506,1.009712,2650
507,1.0092,2441
508,1.0087,1628
509,1.008285,2158
510,1.007899,3241
511,1.007745,425
512,1.007302,483
513,1.006512,1733
514,1.006028,1760
515,1.005984,1756
516,1.004837,1067
517,1.004158,2727
518,1.00415,1558
519,1.004034,2794
520,1.003897,3359
521,1.003534,1407
522,1.003515,2293
523,1.003426,1451
524,1.002975,2446
525,1.002934,2040
526,1.002121,1455
527,1.001516,3231
528,1.001386,3299
529,0.997852,1744
530,0.997602,865
531,0.995319,1718
532,0.994346,1521
533,0.994154,2065
534,0.994063,1573
535,0.993807,1690
536,0.991834,974
537,0.991728,1582
538,0.991355,2295
539,0.991294,3265
540,0.990402,2523
541,0.989672,1296
542,0.989423,1285
543,0.989402,2137
544,0.989127,3322
545,0.989097,890
546,0.988816,901
547,0.988719,1616
548,0.988627,1579
549,0.987864,1255
550,0.987674,2410
551,0.987603,3439
552,0.987301,3441
553,0.986026,2814
554,0.986008,2019
555,0.984866,1694
556,0.98435,971
557,0.984235,1203
558,0.983861,2359
559,0.981438,1246
560,0.980859,2306
561,0.97989,749
562,0.979581,197
563,0.978494,1575
564,0.977649,2301
565,0.977097,976
566,0.976615,2888
567,0.976107,513
568,0.975269,2175
569,0.975226,864
570,0.974721,1672
571,0.974472,1580
572,0.973725,2018
573,0.973468,1452
574,0.972768,2144
575,0.972716,1825
576,0.97261,1171
577,0.972166,1410
578,0.972022,2817
579,0.971455,898
580,0.971391,3244
581,0.970968,3406
582,0.96951,1469
583,0.968045,1228
584,0.967971,3249
585,0.96751,948
586,0.967073,1189
587,0.966922,1254
588,0.966688,1409
589,0.966208,1413
590,0.965916,1412
591,0.96569,986
592,0.965352,3353
593,0.965025,3212
594,0.964796,2116
595,0.964346,884
596,0.962597,1253
597,0.960463,1751
598,0.96043,2915
599,0.959937,1174
600,0.959551,1411
601,0.959248,2182
602,0.958769,972
603,0.958079,2895
604,0.957432,2181
605,0.957423,1247
606,0.956912,2342
607,0.956912,1763
608,0.956656,2548
609,0.956441,2804
610,0.955634,1745
611,0.954294,1414
612,0.953612,2053
613,0.953266,998
614,0.95313,196
615,0.952851,1441
616,0.952009,860
617,0.951881,2268
618,0.951747,2159
619,0.949361,2622
620,0.94918,1731
621,0.948626,2871
622,0.948531,2060
623,0.948175,3298
624,0.947658,1034
625,0.947602,2292
626,0.946819,737
627,0.946575,2637
628,0.946561,1192
629,0.943422,1655
630,0.943221,1799
631,0.942192,3255
632,0.941261,1415
633,0.940743,2635
634,0.940591,2884
635,0.939932,2877
636,0.939325,1408
637,0.938876,2267
638,0.938482,2255
639,0.938455,2844
640,0.938172,2234
641,0.937044,2477
642,0.936481,2380
643,0.936183,2404
644,0.936156,1835
645,0.934999,1249
646,0.934594,2311
647,0.934588,2841
648,0.934065,1505
649,0.93405,2050
650,0.933788,446
651,0.933133,1201
652,0.932594,2119
653,0.931805,888
654,0.931588,1747
655,0.930962,3189
656,0.930573,1749
657,0.930374,1761
658,0.930214,2312
659,0.930102,2646
660,0.929896,1001
661,0.929803,1983
662,0.929775,1423
663,0.929709,1566
664,0.929207,2627
665,0.929016,3419
666,0.928218,1442
667,0.927872,2302
668,0.925534,2114
669,0.92504,2407
670,0.924892,1242
671,0.924363,502
672,0.924293,3417
673,0.923829,2047
674,0.923307,2561
675,0.923283,1528
676,0.922599,2621
677,0.92253,2142
678,0.921043,1292
679,0.920712,270
680,0.92052,2269
681,0.920269,1200
682,0.918829,731
683,0.916413,2008
684,0.916338,1723
685,0.916161,2589
686,0.915308,2466
687,0.915291,1517
688,0.914444,726
689,0.914342,2782
690,0.914336,1565
691,0.914284,1858
692,0.914152,2419
693,0.91408,1537
694,0.913579,2754
695,0.912871,2670
696,0.91238,2460
697,0.912214,2039
698,0.912077,1166
699,0.911573,2620
700,0.911487,1444
701,0.911335,2444
702,0.910457,858
703,0.910286,1459
704,0.909775,2290
705,0.909632,2549
706,0.908995,3414
707,0.908453,1267
708,0.908441,1000
709,0.907527,906
710,0.906868,1418
711,0.906487,3440
712,0.90641,2827
713,0.906056,2812
714,0.905386,3317
715,0.904971,1291
716,0.904724,2248
717,0.904721,2837
718,0.90318,1284
719,0.902058,2063
720,0.901841,2247
721,0.901682,745
722,0.900386,1767
723,0.900354,2067
724,0.900255,3230
725,0.899329,1788
726,0.898224,1746
727,0.897185,1854
728,0.897123,2147
729,0.896823,1748
730,0.89604,2886
731,0.895534,751
732,0.895066,3397
733,0.894712,2285
734,0.893663,1919
735,0.893203,1416
736,0.893131,2007
737,0.892626,1703
738,0.892578,2864
739,0.891956,1510
740,0.890084,2547
741,0.889913,1256
742,0.888815,2887
743,0.888652,2533
744,0.888516,910
745,0.887433,2108
746,0.88647,2858
747,0.885631,3435
748,0.885355,2645
749,0.88496,1652
750,0.884132,1230
751,0.882944,1765
752,0.882898,3483
753,0.882696,1290
754,0.881633,447
755,0.881451,2803
756,0.881436,3442
757,0.880999,1677
758,0.880503,2616
759,0.880331,1432
760,0.880326,1702
761,0.879887,2386
762,0.879762,2655
763,0.879678,1653
764,0.879085,1489
765,0.878843,3437
766,0.878765,1231
767,0.876547,1202
768,0.876082,800
769,0.875944,2022
770,0.875939,3248
771,0.875809,3252
772,0.875197,1020
773,0.874388,3266
774,0.873367,2183
775,0.873171,3245
776,0.872671,2495
777,0.872533,2356
778,0.871553,2257
779,0.871538,2254
780,0.871181,456
781,0.870298,2647
782,0.869924,2632
783,0.868265,2497
784,0.868047,1994
785,0.865382,995
786,0.865379,2861
787,0.865307,426
788,0.864581,1631
789,0.864149,1998
790,0.862707,1624
791,0.862329,1701
792,0.862251,2385
793,0.861457,1440
794,0.861193,3394
795,0.860215,470
796,0.860125,868
797,0.859408,1229
798,0.85929,2141
799,0.85892,818
800,0.857001,973
801,0.855902,3202
802,0.855802,2653
803,0.855296,199
804,0.855094,1691
805,0.855076,2721
806,0.854986,3412
807,0.85456,2373
808,0.853691,2383
809,0.853514,1626
810,0.851641,2926
811,0.851068,3210
812,0.850952,3321
813,0.850759,382
814,0.849565,1568
815,0.84783,2876
816,0.847317,908
817,0.846578,1265
818,0.84625,3396
819,0.845753,2021
820,0.845349,2592
821,0.844912,3246
822,0.844696,2579
823,0.844511,1226
824,0.844079,2818
825,0.843049,2117
826,0.841673,2892
827,0.839746,531
828,0.839319,750
829,0.838718,2889
830,0.837561,3263
831,0.837371,2341
832,0.837269,1276
833,0.835995,1741
834,0.834778,1739
835,0.832348,1705
836,0.832234,3242
837,0.832058,3283
838,0.831732,1710
839,0.830247,2809
840,0.829308,1464
841,0.828571,2378
842,0.828439,2057
843,0.828299,2872
844,0.826973,2303
845,0.82694,2260
846,0.826081,2389
847,0.825882,2815
848,0.825264,2155
849,0.82515,1982
850,0.82432,1199
851,0.823984,3425
852,0.8238,1585
853,0.823782,2430
854,0.823447,1232
855,0.823225,2524
856,0.823004,1501
857,0.822199,2836
858,0.821952,1467
859,0.821924,1424
860,0.821621,3457
861,0.820915,1523
862,0.820646,2459
863,0.819373,2919
864,0.818589,2816
865,0.818061,2614
866,0.81764,1438
867,0.816757,3477
868,0.815584,2733
869,0.815392,3481
870,0.814677,2707
871,0.814186,1736
872,0.813869,1437
873,0.813316,2282
874,0.811873,3459
875,0.811624,2452
876,0.810779,2388
877,0.810572,1032
878,0.8105,1470
879,0.810353,1704
880,0.809517,3411
881,0.808383,2054
882,0.808307,2529
883,0.808194,2001
884,0.807629,728
885,0.807277,1236
886,0.806905,2805
887,0.806803,2652
888,0.806794,1722
889,0.806501,2443
890,0.806338,1657
891,0.80581,1435
892,0.805382,949
893,0.805138,1235
894,0.804885,2425
895,0.804641,1239
896,0.803984,312
897,0.803722,2052
898,0.803693,2424
899,0.803357,3208
900,0.802166,1699
901,0.801927,3324
902,0.799941,2760
903,0.799015,3350
904,0.798009,3349
905,0.797442,3367
906,0.797394,1237
907,0.797009,2288
908,0.796882,2405
909,0.795859,1630
910,0.795568,208
911,0.795369,2628
912,0.793839,3398
913,0.793784,2382
914,0.792815,2294
915,0.792703,1766
916,0.792541,2580
917,0.792351,2435
918,0.792237,1172
919,0.792185,2249
920,0.791197,1468
921,0.790202,1283
922,0.789254,3490
923,0.787651,1445
924,0.787329,3270
925,0.786887,3203
926,0.786562,1618
927,0.785921,3458
928,0.785054,3325
929,0.784796,887
930,0.784756,1578
931,0.78351,2891
932,0.783364,1661
933,0.783261,2006
934,0.782769,2685
935,0.782324,313
936,0.781506,1245
937,0.781319,2604
938,0.781201,1207
939,0.780069,1538
940,0.780043,2795
941,0.779439,1275
942,0.778924,3272
943,0.7783,1502
944,0.778039,1431
945,0.775989,1282
946,0.774215,1964
947,0.772382,501
948,0.771332,2922
949,0.77067,2079
950,0.770518,2681
951,0.768727,2924
952,0.768673,3403
953,0.768632,3418
954,0.768127,3292
955,0.76782,2291
956,0.767719,2068
957,0.766486,2832
958,0.765086,1450
959,0.76484,3314
960,0.764598,2885
961,0.764454,1675
962,0.764225,1280
963,0.763653,2020
964,0.763597,2037
965,0.763572,3489
966,0.763069,2807
967,0.762941,2609
968,0.762646,2281
969,0.762466,3465
970,0.759966,1462
971,0.759213,2051
972,0.758839,2046
973,0.757128,2118
974,0.756753,2730
975,0.75667,2531
976,0.756088,1554
977,0.755834,1281
978,0.754834,819
979,0.754394,2340
980,0.754386,2617
981,0.752503,2710
982,0.75007,2879
983,0.749218,2221
984,0.747923,2602
985,0.747897,1791
986,0.746915,2145
987,0.746467,2544
988,0.746038,2918
989,0.744544,2740
990,0.743382,1563
991,0.742102,2921
992,0.740587,1454
993,0.740056,2750
994,0.737574,2862
995,0.736838,469
996,0.735053,2674
997,0.733156,3295
998,0.731675,1456
999,0.730926,1968
1000,0.730525,2723
1001,0.729984,1287
1002,0.729324,3369
1003,0.728955,1490
1004,0.728924,1963
1005,0.723275,885
1006,0.723077,2420
1007,0.722503,3296
1008,0.721762,2648
1009,0.720081,1806
1010,0.719776,2375
1011,0.718927,1498
1012,0.718423,1967
1013,0.716756,1966
1014,0.714516,1743
1015,0.714056,2062
1016,0.713756,2036
1017,0.711862,1180
1018,0.711165,2729
1019,0.708952,2498
1020,0.706903,2178
1021,0.706347,2874
1022,0.705245,3365
1023,0.704118,2305
1024,0.703151,1179
1025,0.703145,2492
1026,0.700933,2478
1027,0.69922,1527
1028,0.697408,2227
1029,0.696308,3423
1030,0.696114,2360
1031,0.69334,2231
1032,0.693147,2284
1033,0.690698,2820
1034,0.690383,1181
1035,0.689741,3401
1036,0.687512,1252
1037,0.686022,2901
1038,0.684039,2499
1039,0.683878,996
1040,0.683681,2283
1041,0.683594,2613
1042,0.682169,3410
1043,0.681039,2677
1044,0.679384,1264
1045,0.678899,2755
1046,0.678673,3326
1047,0.678352,1178
1048,0.678134,2232
1049,0.677822,2106
1050,0.676293,2176
1051,0.675239,3395
1052,0.674642,1693
1053,0.674318,2749
1054,0.673843,2262
1055,0.672318,822
1056,0.670753,1567
1057,0.670573,1417
1058,0.669378,2503
1059,0.668276,2556
1060,0.667623,1822
1061,0.666485,2287
1062,0.665778,2623
1063,0.665104,2401
1064,0.663969,1853
1065,0.663965,2550
1066,0.66364,3426
1067,0.663283,2370
1068,0.661294,1168
1069,0.66116,3309
1070,0.6603,2252
1071,0.659249,2607
1072,0.659241,2785
1073,0.655467,1750
1074,0.653598,3310
1075,0.652955,1238
1076,0.652936,3427
1077,0.652577,1484
1078,0.650682,1752
1079,0.650512,2256
1080,0.649208,2325
1081,0.647905,2403
1082,0.64766,1572
1083,0.647208,2432
1084,0.647091,1700
1085,0.642799,2320
1086,0.642242,191
1087,0.640502,1533
1088,0.639922,2712
1089,0.639841,1965
1090,0.636689,3370
1091,0.636682,3428
1092,0.635464,2164
1093,0.634865,3190
1094,0.633192,2761
1095,0.630986,2165
1096,0.627965,2783
1097,0.625419,2738
1098,0.623702,1576
1099,0.623599,1499
1100,0.623476,271
1101,0.622495,2708
1102,0.621051,2064
1103,0.617538,2447
1104,0.615666,2080
1105,0.611919,402
1106,0.611612,1074
1107,0.611506,284
1108,0.611215,1548
1109,0.611082,1033
1110,0.608259,1024
1111,0.607163,410
1112,0.607052,2606
1113,0.605661,286
1114,0.601967,3460
1115,0.598908,729
1116,0.597355,2377
1117,0.597224,1485
1118,0.596172,2583
1119,0.594863,3229
1120,0.594449,756
1121,0.593132,2253
1122,0.592288,2728
1123,0.591064,400
1124,0.590625,401
1125,0.587854,3316
1126,0.585992,757
1127,0.585478,380
1128,0.584591,282
1129,0.582879,2618
1130,0.577543,2476
1131,0.575236,285
1132,0.574868,3462
1133,0.574493,1487
1134,0.572946,534
1135,0.568171,1421
1136,0.567364,428
1137,0.567058,1274
1138,0.566606,1160
1139,0.564333,533
1140,0.563522,1860
1141,0.563278,2014
1142,0.562881,2017
1143,0.56054,2484
1144,0.560136,2371
1145,0.559885,3389
1146,0.555922,246
1147,0.555107,532
1148,0.552029,2184
1149,0.551811,2381
1150,0.546587,2590
1151,0.546267,3373
1152,0.544664,2657
1153,0.543461,1509
1154,0.542968,2162
1155,0.542,755
1156,0.541943,1561
1157,0.54124,732
1158,0.540395,2687
1159,0.540156,245
1160,0.53872,3258
1161,0.538588,3399
1162,0.534122,2691
1163,0.533691,466
1164,0.533447,1577
1165,0.533281,2690
1166,0.528193,1266
1167,0.526972,2678
1168,0.524146,3269
1169,0.523096,514
1170,0.519124,1918
1171,0.515078,3201
1172,0.512068,2511
1173,0.509002,2427
1174,0.507331,3431
1175,0.506695,2461
1176,0.506653,2917
1177,0.503764,3225
1178,0.501746,2493
1179,0.499215,2279
1180,0.498375,536
1181,0.496866,349
1182,0.493231,2289
1183,0.493054,381
1184,0.492322,403
1185,0.491386,2111
1186,0.490307,3264
1187,0.489394,3338
1188,0.488318,866
1189,0.487944,3354
1190,0.486187,2656
1191,0.484819,2679
1192,0.484781,2914
1193,0.484233,796
1194,0.484071,3463
1195,0.483098,2878
1196,0.482827,2633
1197,0.482686,3356
1198,0.482192,1057
1199,0.481666,2536
1200,0.481254,3346
1201,0.480215,1530
1202,0.479685,350
1203,0.479487,2925
1204,0.478769,1055
1205,0.47868,2638
1206,0.477598,2081
1207,0.477438,2376
1208,0.476248,2344
1209,0.473073,458
1210,0.472379,1790
1211,0.471002,1524
1212,0.470272,2416
1213,0.469436,1212
1214,0.468616,1650
1215,0.468325,2696
1216,0.466691,1045
1217,0.465764,2462
1218,0.465643,2465
1219,0.464943,1793
1220,0.46478,2239
1221,0.464355,1262
1222,0.46198,2695
1223,0.461243,1796
1224,0.461199,863
1225,0.460973,3273
1226,0.45941,3328
1227,0.458829,795
1228,0.457977,486
1229,0.457837,2692
1230,0.456113,3288
1231,0.456086,1988
1232,0.45506,1986
1233,0.454914,2436
1234,0.454644,2923
1235,0.453538,489
1236,0.4532,2577
1237,0.453114,3336
1238,0.452961,3287
1239,0.452176,3274
1240,0.451985,1044
1241,0.451929,2643
1242,0.451071,3339
1243,0.450595,1058
1244,0.450375,2742
1245,0.45024,1043
1246,0.449826,465
1247,0.449478,2711
1248,0.448568,1989
1249,0.448123,1707
1250,0.44724,793
1251,0.446905,3342
1252,0.445255,1221
1253,0.444362,792
1254,0.444269,2049
1255,0.444206,1219
1256,0.443951,3454
1257,0.443247,535
1258,0.442824,1851
1259,0.442538,487
1260,0.440966,2702
1261,0.440432,274
1262,0.439409,835
1263,0.439258,3289
1264,0.438522,1852
1265,0.438005,3452
1266,0.437982,2163
1267,0.437909,3400
1268,0.43745,1526
1269,0.437194,1047
1270,0.436594,1588
1271,0.43589,3451
1272,0.43567,2355
1273,0.435304,3355
1274,0.434487,1186
1275,0.434467,859
1276,0.432525,2387
1277,0.432182,3416
1278,0.432087,488
1279,0.430878,3453
1280,0.4295,2597
1281,0.429377,3340
1282,0.429105,1046
1283,0.428463,3275
1284,0.427987,1856
1285,0.427158,1042
1286,0.426726,2496
1287,0.426241,2699
1288,0.42526,2654
1289,0.424665,2698
1290,0.424306,1054
1291,0.424303,1463
1292,0.42386,2505
1293,0.423041,2500
1294,0.422095,2501
1295,0.421869,2156
1296,0.421715,3456
1297,0.421589,817
1298,0.421434,2808
1299,0.420951,794
1300,0.419469,3341
1301,0.419288,2414
1302,0.41903,3343
1303,0.418591,1220
1304,0.416172,1706
1305,0.415878,1759
1306,0.415859,373
1307,0.413162,1850
1308,0.413143,2744
1309,0.412534,3267
1310,0.41248,3286
1311,0.409952,1056
1312,0.409439,2819
1313,0.408571,1871
1314,0.406028,3347
1315,0.403234,3345
1316,0.402199,2717
1317,0.398823,1465
1318,0.39816,2810
1319,0.396292,2748
1320,0.396079,1659
1321,0.396049,1738
1322,0.395472,275
1323,0.393844,2703
1324,0.392464,2428
1325,0.391313,2863
1326,0.390987,2701
1327,0.389777,2395
1328,0.389519,836
1329,0.388838,2731
1330,0.387559,3337
1331,0.387029,2704
1332,0.384009,2694
1333,0.383991,2671
1334,0.383885,2634
1335,0.382451,2705
1336,0.38123,3291
1337,0.381148,2700
1338,0.379742,2790
1339,0.379703,2715
1340,0.379411,1872
1341,0.379122,3320
1342,0.378744,3206
1343,0.378681,1525
1344,0.37838,805
1345,0.377605,2693
1346,0.377319,2396
1347,0.376919,404
1348,0.376737,3344
1349,0.376132,791
1350,0.375407,2066
1351,0.374411,1051
1352,0.374339,3348
1353,0.372489,398
1354,0.371408,2806
1355,0.37123,2697
1356,0.369478,912
1357,0.369302,834
1358,0.366989,825
1359,0.366305,2553
1360,0.364761,2612
1361,0.363597,790
1362,0.363282,1013
1363,0.361403,3422
1364,0.361298,399
1365,0.360948,1218
1366,0.360853,812
1367,0.36078,2898
1368,0.360489,810
1369,0.359189,759
1370,0.358563,1052
1371,0.358448,244
1372,0.358335,2566
1373,0.357753,1053
1374,0.355739,832
1375,0.355518,830
1376,0.355091,760
1377,0.354772,1916
1378,0.354589,1987
1379,0.353999,3351
1380,0.353199,806
1381,0.353147,2897
1382,0.353121,405
1383,0.351038,785
1384,0.350807,3455
1385,0.350768,1012
1386,0.349952,766
1387,0.349842,1014
1388,0.349501,833
1389,0.348534,436
1390,0.348407,374
1391,0.347435,263
1392,0.347097,264
1393,0.346251,338
1394,0.345439,435
1395,0.345421,2412
1396,0.345188,764
1397,0.344343,3204
1398,0.343492,3388
1399,0.343032,2899
1400,0.342741,418
1401,0.341643,789
1402,0.340485,2735
1403,0.339845,397
1404,0.339742,787
1405,0.33927,2518
1406,0.339267,289
1407,0.339232,339
1408,0.338338,783
1409,0.338077,2545
1410,0.338048,452
1411,0.337399,831
1412,0.336581,763
1413,0.336504,788
1414,0.336342,2756
1415,0.336317,3240
1416,0.33616,419
1417,0.33491,421
1418,0.333949,265
1419,0.333528,257
1420,0.333421,1849
1421,0.333394,3315
1422,0.333382,357
1423,0.33243,355
1424,0.332226,337
1425,0.332018,807
1426,0.331867,420
1427,0.331732,758
1428,0.330863,360
1429,0.32862,809
1430,0.328353,3323
1431,0.327969,309
1432,0.327728,358
1433,0.327616,299
1434,0.327544,510
1435,0.327351,288
1436,0.326578,2136
1437,0.326135,433
1438,0.325505,808
1439,0.325292,2724
1440,0.324841,391
1441,0.324749,226
1442,0.324704,389
1443,0.32406,321
1444,0.323798,366
1445,0.323397,261
1446,0.323072,769
1447,0.322055,2927
1448,0.321882,292
1449,0.321611,392
1450,0.321387,767
1451,0.321114,765
1452,0.32096,2071
1453,0.320372,359
1454,0.320301,227
1455,0.320152,422
1456,0.319961,2070
1457,0.319754,762
1458,0.319376,2586
1459,0.31936,340
1460,0.319356,388
1461,0.319045,322
1462,0.31861,293
1463,0.318037,3238
1464,0.317605,291
1465,0.317296,761
1466,0.316847,768
1467,0.316676,423
1468,0.316577,829
1469,0.316428,1250
1470,0.316321,411
1471,0.316112,225
1472,0.315809,826
1473,0.315674,2120
1474,0.315458,224
1475,0.315232,298
1476,0.31431,258
1477,0.313076,390
1478,0.311756,424
1479,0.311512,2762
1480,0.310358,803
1481,0.30995,784
1482,0.309709,2072
1483,0.309236,3480
1484,0.308836,2928
1485,0.308524,356
1486,0.30813,393
1487,0.307672,2073
1488,0.307549,367
1489,0.306566,434
1490,0.306137,262
1491,0.305977,223
1492,0.305641,379
1493,0.305541,307
1494,0.304666,300
1495,0.304468,804
1496,0.303751,1828
1497,0.303597,320
1498,0.302797,219
1499,0.302792,290
1500,0.300917,827
1501,0.299277,2042
1502,0.298361,417
1503,0.296609,3430
1504,0.295516,437
1505,0.293626,206
1506,0.29335,438
1507,0.293203,296
1508,0.293142,354
1509,0.291721,1011
1510,0.291607,1004
1511,0.291423,786
1512,0.290793,281
1513,0.289214,1971
1514,0.289159,895
1515,0.288126,828
1516,0.288062,2263
1517,0.287485,229
1518,0.287028,228
1519,0.286512,1735
1520,0.286468,1977
1521,0.286444,3185
1522,0.285273,1251
1523,0.284702,2528
1524,0.284664,266
1525,0.284259,295
1526,0.283706,1973
1527,0.283466,294
1528,0.283453,1976
1529,0.282402,412
1530,0.282297,1003
1531,0.281949,413
1532,0.281851,3262
1533,0.281502,222
1534,0.281501,965
1535,0.281047,308
1536,0.280687,1974
1537,0.28053,2298
1538,0.280418,1969
1539,0.280058,2902
1540,0.279881,894
1541,0.278805,1972
1542,0.278296,811
1543,0.277787,297
1544,0.275853,1970
1545,0.275452,926
1546,0.274952,3200
1547,0.274587,963
1548,0.273186,2929
1549,0.273186,3184
1550,0.273157,3357
1551,0.273089,962
1552,0.27293,1002
1553,0.272777,1316
1554,0.271813,3199
1555,0.271479,2045
1556,0.271295,925
1557,0.270234,924
1558,0.26967,1975
1559,0.269474,880
1560,0.269465,280
1561,0.269138,961
1562,0.269138,964
1563,0.268797,881
1564,0.268549,306
1565,0.267778,878
1566,0.267133,879
1567,0.266639,3198
1568,0.265178,923
1569,0.265106,877
1570,0.264704,3197
1571,0.262924,2848
1572,0.261923,1270
1573,0.258944,2296
1574,0.256854,1315
1575,0.25503,305
1576,0.251088,2297
1577,0.247034,2630
1578,0.247001,2585
1579,0.245851,2752
1580,0.244322,3209
1581,0.243308,2299
1582,0.24329,2300
1583,0.23099,3284
1584,0.21897,2688
1585,0.217132,3421
1586,0.216251,1692
1587,0.21053,2822
1588,0.210469,3366
1589,0.209169,276
1590,0.20077,1634
1591,0.198186,1991
1592,0.197982,301
1593,0.19384,2411
1594,0.183611,311
1595,0.183079,3268
1596,0.182923,1635
1597,0.182798,2615
1598,0.177222,3226
1599,0.174616,3413
1600,0.171724,1184
1601,0.169958,1457
1602,0.165889,2400
1603,0.165467,1587
1604,0.164847,989
1605,0.16409,2860
1606,0.163182,1776
1607,0.162159,1552
1608,0.162056,2467
1609,0.161973,1720
1610,0.16188,304
1611,0.16112,988
1612,0.159613,509
1613,0.156398,1925
1614,0.155807,1048
1615,0.155716,303
1616,0.155526,1800
1617,0.155218,1185
1618,0.155175,1908
1619,0.154359,1636
1620,0.154203,1549
1621,0.153889,302
1622,0.15305,2574
1623,0.152234,2314
1624,0.150694,1801
1625,0.150639,1878
1626,0.150566,899
1627,0.149595,1937
1628,0.149085,1873
1629,0.148631,1881
1630,0.148346,1182
1631,0.148271,1914
1632,0.148148,1906
1633,0.147138,1912
1634,0.146516,1547
1635,0.146151,2758
1636,0.144962,1922
1637,0.144885,1962
1638,0.144574,2308
1639,0.143857,1183
1640,0.143667,2475
1641,0.142352,2362
1642,0.141253,1539
1643,0.141166,1762
1644,0.140896,526
1645,0.140766,1894
1646,0.14062,1774
1647,0.140499,1891
1648,0.140273,1902
1649,0.139492,1885
1650,0.139267,1939
1651,0.139047,525
1652,0.138926,1941
1653,0.138542,2318
1654,0.138175,520
1655,0.13792,2185
1656,0.137852,1921
1657,0.137693,1915
1658,0.13711,516
1659,0.136736,1697
1660,0.136412,1883
1661,0.13617,1928
1662,0.135608,1783
1663,0.135543,1775
1664,0.135044,1943
1665,0.134981,1784
1666,0.13453,1911
1667,0.134313,1942
1668,0.13428,1802
1669,0.133588,1893
1670,0.133018,1879
1671,0.132729,1929
1672,0.132408,1960
1673,0.132404,1892
1674,0.132186,1904
1675,0.132066,1910
1676,0.131544,523
1677,0.130686,1698
1678,0.13045,1961
1679,0.130234,1909
1680,0.130021,1840
1681,0.129612,521
1682,0.129602,1923
1683,0.129307,2457
1684,0.128891,2504
1685,0.128729,519
1686,0.128649,1907
1687,0.128332,1920
1688,0.128163,2186
1689,0.127917,527
1690,0.127711,2188
1691,0.127526,1782
1692,0.127201,524
1693,0.126812,1897
1694,0.12651,1778
1695,0.126117,1913
1696,0.125671,2189
1697,0.12547,1772
1698,0.125206,1770
1699,0.125146,1890
1700,0.125125,2321
1701,0.124838,1551
1702,0.124616,1696
1703,0.123903,2372
1704,0.123504,1898
1705,0.123455,515
1706,0.122991,1924
1707,0.122575,1927
1708,0.122171,1550
1709,0.121404,1780
1710,0.120665,1887
1711,0.120522,1779
1712,0.12037,1889
1713,0.119725,1903
1714,0.119211,1838
1715,0.119211,1839
1716,0.118889,1896
1717,0.118887,1886
1718,0.118838,2187
1719,0.118578,1981
1720,0.118571,1777
1721,0.118432,1695
1722,0.118146,517
1723,0.117889,1990
1724,0.117762,1781
1725,0.11763,1905
1726,0.117489,1785
1727,0.116583,1833
1728,0.116443,518
1729,0.116443,522
1730,0.116387,1771
1731,0.115903,2537
1732,0.115359,1926
1733,0.115359,1938
1734,0.115359,1940
1735,0.114945,1880
1736,0.114945,1882
1737,0.111017,2534
1738,0.110108,3491
1739,0.109302,2793
1740,0.109066,3319
1741,0.108964,1888
1742,0.108964,1884
1743,0.106862,2541
1744,0.106756,1049
1745,0.105574,448
1746,0.104923,2491
1747,0.102148,2546
1748,0.101178,2055
1749,0.099657,2686
1750,0.099581,2676
1751,0.099016,1050
1752,0.095718,2675
1753,0.093767,2379
1754,0.092111,2747
1755,0.092078,2826
1756,0.091339,3358
1757,0.090945,336
1758,0.090613,2823
1759,0.088821,503
1760,0.088492,277
1761,0.088328,335
1762,0.087965,2725
1763,0.087936,334
1764,0.087867,2640
1765,0.086877,1829
1766,0.086781,2732
1767,0.086041,990
1768,0.085898,3378
1769,0.084273,3352
1770,0.083632,2639
1771,0.082991,2543
1772,0.082371,2840
1773,0.080995,2739
1774,0.080908,2722
1775,0.080605,2196
1776,0.080522,333
1777,0.080397,2680
1778,0.080104,243
1779,0.078955,2538
1780,0.07689,2595
1781,0.076097,2839
1782,0.074775,2672
1783,0.074115,323
1784,0.073847,2542
1785,0.072566,1688
1786,0.072379,2873
1787,0.071922,241
1788,0.071896,240
1789,0.071737,1689
1790,0.071546,2582
1791,0.070756,2059
1792,0.070492,2746
1793,0.070285,2753
1794,0.070157,2213
1795,0.069346,2540
1796,0.06921,2611
1797,0.068885,3372
1798,0.067921,2535
1799,0.067172,1506
1800,0.066799,1504
1801,0.066757,2788
1802,0.066104,2683
1803,0.065684,2559
1804,0.065156,2846
1805,0.065075,2415
1806,0.064863,2835
1807,0.06473,2714
1808,0.06457,913
1809,0.064465,2842
1810,0.062907,2212
1811,0.062883,2562
1812,0.06237,2214
1813,0.061973,2649
1814,0.061459,1471
1815,0.061371,2880
1816,0.060869,2852
1817,0.060849,2636
1818,0.060792,3415
1819,0.060734,3374
1820,0.060501,2421
1821,0.060434,2845
1822,0.060252,2796
1823,0.059619,2847
1824,0.059612,2833
1825,0.058499,2792
1826,0.058295,2651
1827,0.058048,2850
1828,0.05742,2787
1829,0.056466,2786
1830,0.056366,472
1831,0.056216,1740
1832,0.056044,2757
1833,0.05551,3192
1834,0.055266,2789
1835,0.055232,2567
1836,0.055229,3377
1837,0.054446,1686
1838,0.054193,2743
1839,0.053918,242
1840,0.053387,2596
1841,0.053381,3393
1842,0.053293,2266
1843,0.052806,1687
1844,0.05272,2784
1845,0.052297,2684
1846,0.052221,1715
1847,0.052221,1716
1848,0.052073,1685
1849,0.0518,2517
1850,0.05177,920
1851,0.051688,2791
1852,0.051278,1713
1853,0.050841,1680
1854,0.050746,2265
1855,0.05039,1491
1856,0.050045,2363
1857,0.050024,2594
1858,0.049931,1596
1859,0.049698,2510
1860,0.049627,406
1861,0.049534,2581
1862,0.049516,3211
1863,0.049149,1789
1864,0.049127,2519
1865,0.048882,2834
1866,0.048229,1714
1867,0.048159,2584
1868,0.048085,2591
1869,0.047642,2408
1870,0.047639,2726
1871,0.047342,1605
1872,0.04731,2745
1873,0.047134,1681
1874,0.047122,2865
1875,0.047122,813
1876,0.046946,230
1877,0.04691,1447
1878,0.046657,2402
1879,0.04659,3434
1880,0.04627,1604
1881,0.045698,2397
1882,0.045254,1027
1883,0.04489,3392
1884,0.044827,2061
1885,0.04475,1062
1886,0.044341,2868
1887,0.043913,2875
1888,0.043066,2035
1889,0.043059,1599
1890,0.042872,2893
1891,0.042824,1643
1892,0.042384,215
1893,0.042302,1598
1894,0.042188,3474
1895,0.04174,1227
1896,0.041732,1213
1897,0.041541,2230
1898,0.041316,968
1899,0.041163,1644
1900,0.04105,2449
1901,0.041007,2276
1902,0.040581,1610
1903,0.040496,3387
1904,0.040361,1007
1905,0.040094,464
1906,0.040017,967
1907,0.039853,506
1908,0.039669,231
1909,0.039622,2229
1910,0.039565,2157
1911,0.03951,969
1912,0.03942,1827
1913,0.039306,1600
1914,0.039213,2450
1915,0.038939,371
1916,0.038537,1755
1917,0.038191,1682
1918,0.038123,507
1919,0.038123,2228
1920,0.037952,1597
1921,0.037354,508
1922,0.037334,1595
1923,0.037194,214
1924,0.036472,970
1925,0.03647,364
1926,0.036344,1217
1927,0.035913,1709
1928,0.035906,2011
1929,0.035852,774
1930,0.035708,2451
1931,0.035618,1216
1932,0.035615,348
1933,0.035586,773
1934,0.035442,1621
1935,0.034992,3282
1936,0.034955,721
1937,0.033809,927
1938,0.033673,2866
1939,0.033537,772
1940,0.033098,370
1941,0.032996,254
1942,0.032988,369
1943,0.0328,200
1944,0.03265,2490
1945,0.03246,247
1946,0.032142,2485
1947,0.03194,1619
1948,0.031667,917
1949,0.031618,1683
1950,0.03112,1620
1951,0.031109,365
1952,0.031109,363
1953,0.030904,1433
1954,0.030793,1684
1955,0.030742,2486
1956,0.030691,368
1957,0.030411,932
1958,0.030393,987
1959,0.030329,253
1960,0.030142,372
1961,0.030074,2522
1962,0.029946,319
1963,0.029886,1930
1964,0.029884,776
1965,0.029762,394
1966,0.029689,777
1967,0.029506,256
1968,0.029497,432
1969,0.029422,2508
1970,0.0293,2336
1971,0.028919,915
1972,0.028567,439
1973,0.028375,725
1974,0.028192,499
1975,0.028081,310
1976,0.027795,778
1977,0.027441,2048
1978,0.027351,1030
1979,0.027038,255
1980,0.026808,430
1981,0.026738,481
1982,0.026738,479
1983,0.026738,480
1984,0.026703,1931
1985,0.026543,724
1986,0.02652,2515
1987,0.026126,202
1988,0.026094,1035
1989,0.026003,1041
1990,0.025736,324
1991,0.025663,814
1992,0.025647,1933
1993,0.025477,1826
1994,0.025417,914
1995,0.025319,1260
1996,0.025266,2516
1997,0.024918,775
1998,0.024839,395
1999,0.024828,815
2000,0.0248,347
2001,0.024607,893
2002,0.024495,375
2003,0.024491,1874
2004,0.024449,203
2005,0.024387,278
2006,0.02427,2010
2007,0.023678,1820
2008,0.023507,1436
2009,0.02342,781
2010,0.02342,782
2011,0.02342,279
2012,0.023397,918
2013,0.023258,3195
2014,0.022909,953
2015,0.022846,1876
2016,0.022692,2488
2017,0.022692,2509
2018,0.022526,1875
2019,0.022516,3196
2020,0.022333,872
2021,0.022333,873
2022,0.022002,1708
2023,0.021929,916
2024,0.021909,239
2025,0.02143,2507
2026,0.021198,272
2027,0.02115,1031
2028,0.020978,1932
2029,0.020936,201
2030,0.020896,1425
2031,0.020876,2489
2032,0.020876,2487
2033,0.020876,2506
2034,0.020309,856
2035,0.020282,1419
2036,0.020233,1029
2037,0.020138,2573
2038,0.020106,1821
2039,0.019638,1901
2040,0.019485,874
2041,0.019279,1529
2042,0.019126,875
2043,0.018996,237
2044,0.018996,236
2045,0.018768,440
2046,0.018723,855
2047,0.018684,1257
2048,0.018394,273
2049,0.018378,947
2050,0.018369,896
2051,0.018307,441
2052,0.018085,3445
2053,0.018029,461
2054,0.018029,460
2055,0.018029,463
2056,0.018029,238
2057,0.017857,748
2058,0.017738,2335
2059,0.017297,2334
2060,0.017279,816
2061,0.017064,459
2062,0.017019,1036
2063,0.017019,1037
2064,0.016868,2149
2065,0.016752,498
2066,0.016752,353
2067,0.016752,490
2068,0.016752,352
2069,0.01663,1429
2070,0.016574,2148
2071,0.016542,1622
2072,0.016522,478
2073,0.016252,2520
2074,0.016187,232
2075,0.016165,325
2076,0.016086,1483
2077,0.016086,473
2078,0.016086,854
2079,0.015844,1540
2080,0.01583,780
2081,0.01583,779
2082,0.015816,485
2083,0.015816,754
2084,0.015646,204
2085,0.015556,2869
2086,0.015554,1594
2087,0.015478,3182
2088,0.015478,3183
2089,0.015478,3179
2090,0.015478,3170
2091,0.015478,3176
2092,0.015478,3171
2093,0.015478,3180
2094,0.015478,3172
2095,0.015478,3178
2096,0.015478,2930
2097,0.015478,3174
2098,0.015478,3177
2099,0.015478,3181
2100,0.015478,3175
2101,0.015478,3173
2102,0.015256,1175
2103,0.015232,453
2104,0.015232,477
2105,0.015167,497
2106,0.01514,233
2107,0.01507,3493
2108,0.01507,3492
2109,0.015052,1426
2110,0.014881,267
2111,0.014865,1167
2112,0.014841,260
2113,0.01456,3446
2114,0.014436,2151
2115,0.014436,2150
2116,0.014404,1258
2117,0.014398,1959
2118,0.014384,3429
2119,0.014384,2521
2120,0.014017,2369
2121,0.013948,941
2122,0.013948,824
2123,0.013948,847
2124,0.013948,942
2125,0.013948,496
2126,0.013948,848
2127,0.013948,943
2128,0.013948,849
2129,0.013948,850
2130,0.013948,853
2131,0.013948,852
2132,0.013948,851
2133,0.013948,495
2134,0.013948,476
2135,0.013948,846
2136,0.013948,946
2137,0.013948,845
2138,0.013948,945
2139,0.013948,844
2140,0.013948,840
2141,0.013948,841
2142,0.013948,505
2143,0.013948,504
2144,0.013948,491
2145,0.013948,494
2146,0.013948,493
2147,0.013948,492
2148,0.013948,474
2149,0.013948,842
2150,0.013948,1040
2151,0.013948,1038
2152,0.013948,1039
2153,0.013948,944
2154,0.013948,837
2155,0.013948,838
2156,0.013948,475
2157,0.013948,843
2158,0.013948,839
2159,0.013941,2043
2160,0.01367,416
2161,0.013513,2198
2162,0.013419,3308
2163,0.013419,3364
2164,0.013419,3306
2165,0.013419,3363
2166,0.013302,2242
2167,0.013256,429
2168,0.013059,2393
2169,0.013032,2310
2170,0.012982,414
2171,0.012923,3375
2172,0.012923,3307
2173,0.012923,2394
2174,0.012838,1848
2175,0.012645,1637
2176,0.012405,2270
2177,0.012276,2009
2178,0.012266,956
2179,0.012266,957
2180,0.012266,958
2181,0.012266,959
2182,0.012266,954
2183,0.012266,955
2184,0.012266,960
2185,0.012266,462
2186,0.012043,1936
2187,0.012043,1935
2188,0.012043,1934
2189,0.011981,723
2190,0.011972,2235
2191,0.011932,1428
2192,0.011923,977
2193,0.01189,2243
2194,0.01189,2244
2195,0.011854,1895
2196,0.011483,1446
2197,0.011482,1862
2198,0.011438,2483
2199,0.011432,2077
2200,0.011363,1877
2201,0.011295,1272
2202,0.011295,1273
2203,0.01125,2392
2204,0.011039,2275
2205,0.010942,2479
2206,0.010921,2838
2207,0.010892,2316
2208,0.010892,2317
2209,0.010856,341
2210,0.010605,1206
2211,0.010528,933
2212,0.010485,1476
2213,0.010485,1475
2214,0.010442,2199
2215,0.010442,2205
2216,0.010442,2200
2217,0.010442,2203
2218,0.010442,2208
2219,0.010442,2202
2220,0.010442,2207
2221,0.010442,2204
2222,0.010442,2206
2223,0.010442,2210
2224,0.010442,2201
2225,0.010442,2209
2226,0.010361,361
2227,0.01036,314
2228,0.01029,1608
2229,0.010179,770
2230,0.010179,771
2231,0.010028,978
2232,0.009921,269
2233,0.009921,1592
2234,0.009921,1593
2235,0.009921,221
2236,0.009823,2502
2237,0.009798,3301
2238,0.009798,2665
2239,0.009784,1076
2240,0.009747,1607
2241,0.00965,537
2242,0.009605,1899
2243,0.009483,2471
2244,0.009442,2153
2245,0.009442,2154
2246,0.009425,2470
2247,0.009425,2472
2248,0.009425,2468
2249,0.009425,2474
2250,0.009425,2469
2251,0.009425,2473
2252,0.009414,3379
2253,0.00941,1641
2254,0.00941,1639
2255,0.00941,234
2256,0.00941,1640
2257,0.00941,1638
2258,0.009387,739
2259,0.009362,1478
2260,0.009271,1515
2261,0.009271,1541
2262,0.009271,1546
2263,0.009214,2781
2264,0.009212,3386
2265,0.00913,2539
2266,0.009096,2780
2267,0.008988,343
2268,0.008988,342
2269,0.008988,220
2270,0.008988,346
2271,0.008988,345
2272,0.008988,344
2273,0.008921,889
2274,0.008911,1516
2275,0.008897,3193
2276,0.008866,1477
2277,0.00881,1861
2278,0.00877,3235
2279,0.00877,3234
2280,0.008754,2348
2281,0.008706,1615
2282,0.008678,2083
2283,0.008678,2099
2284,0.008678,2128
2285,0.008678,2088
2286,0.008678,2095
2287,0.008678,1794
2288,0.008678,2129
2289,0.008678,2097
2290,0.008678,2134
2291,0.008678,2131
2292,0.008654,991
2293,0.008654,985
2294,0.008588,2044
2295,0.008569,2240
2296,0.008558,1472
2297,0.008551,1730
2298,0.00855,1950
2299,0.00855,1944
2300,0.00855,1945
2301,0.00855,1951
2302,0.00855,1958
2303,0.00855,1953
2304,0.00855,1957
2305,0.00855,1952
2306,0.00855,1954
2307,0.008547,1645
2308,0.008503,2625
2309,0.008461,287
2310,0.008461,235
2311,0.008427,1005
2312,0.008424,2659
2313,0.008424,3214
2314,0.008424,2666
2315,0.008424,2668
2316,0.008424,2768
2317,0.008424,2669
2318,0.008424,2870
2319,0.008424,2828
2320,0.008424,2667
2321,0.008424,2664
2322,0.008424,2660
2323,0.008424,2661
2324,0.008424,2663
2325,0.008424,2662
2326,0.008424,3215
2327,0.008424,2831
2328,0.008424,2658
2329,0.008182,2085
2330,0.008157,1059
2331,0.008008,2626
2332,0.007988,1214
2333,0.007904,1609
2334,0.007881,2364
2335,0.007836,2013
2336,0.00783,2532
2337,0.007763,1204
2338,0.007763,741
2339,0.00766,2772
2340,0.00766,2719
2341,0.00766,3304
2342,0.00766,2779
2343,0.00766,3360
2344,0.00766,2552
2345,0.00766,2390
2346,0.007609,2767
2347,0.007609,3213
2348,0.007601,188
2349,0.00757,3253
2350,0.00757,2599
2351,0.00757,2417
2352,0.00757,3254
2353,0.00757,3390
2354,0.007514,1642
2355,0.007437,2086
2356,0.007427,2211
2357,0.0074,408
2358,0.00738,2271
2359,0.00738,2272
2360,0.00738,2347
2361,0.00738,2352
2362,0.00738,2351
2363,0.00738,2350
2364,0.00738,2353
2365,0.00738,2354
2366,0.00738,2365
2367,0.00738,2368
2368,0.00738,2367
2369,0.00738,2366
2370,0.00738,2349
2371,0.00738,2273
2372,0.00738,2309
2373,0.00738,2346
2374,0.00738,2274
2375,0.00738,2345
2376,0.007304,2087
2377,0.007304,2126
2378,0.007304,2084
2379,0.007304,2130
2380,0.007304,2089
2381,0.007304,2132
2382,0.007304,2133
2383,0.007304,2125
2384,0.007304,2135
2385,0.007304,2152
2386,0.007304,2058
2387,0.007304,2082
2388,0.007304,1795
2389,0.007304,2090
2390,0.007304,2091
2391,0.007304,2092
2392,0.007304,2093
2393,0.007304,2122
2394,0.007304,2123
2395,0.007304,2124
2396,0.007304,2121
2397,0.007304,2098
2398,0.007304,2096
2399,0.007304,2094
2400,0.007304,2127
2401,0.007219,2448
2402,0.007133,1545
2403,0.007133,1542
2404,0.007133,1544
2405,0.007133,1543
2406,0.007108,1955
2407,0.007108,1773
2408,0.007108,1956
2409,0.007074,2418
2410,0.007074,2600
2411,0.007074,2641
2412,0.007074,2601
2413,0.007074,3391
2414,0.007074,2642
2415,0.007074,2598
2416,0.007038,1205
2417,0.007007,1006
2418,0.007005,2564
2419,0.006887,2103
2420,0.006887,2102
2421,0.006887,2101
2422,0.006887,2100
2423,0.006818,3478
2424,0.006677,950
2425,0.006419,2570
2426,0.006419,2572
2427,0.006286,2797
2428,0.006286,2799
2429,0.006286,2778
2430,0.006286,2800
2431,0.006286,2798
2432,0.006286,2801
2433,0.006286,2777
2434,0.006286,2568
2435,0.006286,3362
2436,0.006286,2830
2437,0.006286,2802
2438,0.006286,2829
2439,0.006286,3376
2440,0.006286,2774
2441,0.006286,2776
2442,0.006286,2571
2443,0.006286,2720
2444,0.006286,2718
2445,0.006286,2775
2446,0.006286,3302
2447,0.006286,2769
2448,0.006286,2770
2449,0.006286,2391
2450,0.006286,2569
2451,0.006286,2587
2452,0.006286,2773
2453,0.006286,2771
2454,0.006286,3361
2455,0.006286,3303
2456,0.006286,3332
2457,0.006286,3335
2458,0.006286,3329
2459,0.006286,3305
2460,0.006286,3334
2461,0.006286,3330
2462,0.006286,3331
2463,0.006286,3333
2464,0.006215,1061
2465,0.006214,2241
2466,0.006133,1008
2467,0.006133,1009
2468,0.006092,1263
2469,0.006074,3449
2470,0.006062,3194
2471,0.005988,409
2472,0.005988,407
2473,0.005919,1010
2474,0.005876,1197
2475,0.005876,1198
2476,0.00585,980
2477,0.00585,984
2478,0.00585,1060
2479,0.00585,979
2480,0.00585,983
2481,0.00585,1564
2482,0.00585,981
2483,0.00585,982
2484,0.005625,1018
2485,0.00547,1195
2486,0.005397,939
2487,0.005397,936
2488,0.005397,919
2489,0.005397,935
2490,0.005397,937
2491,0.005397,940
2492,0.005397,938
2493,0.005274,2245
2494,0.005274,2246
2495,0.005266,1900
2496,0.004683,451
2497,0.004683,396
2498,0.004636,1481
2499,0.004525,1754
2500,0.004443,2513
2501,0.004323,1299
2502,0.00426,1864
2503,0.00426,1869
2504,0.00426,1863
2505,0.00426,1870
2506,0.00426,1867
2507,0.00426,1868
2508,0.00426,1866
2509,0.00426,1865
2510,0.004199,3484
2511,0.00418,3276
2512,0.004119,2526
2513,0.003901,190
2514,0.003842,3444
2515,0.003743,512
2516,0.003743,449
2517,0.003743,450
2518,0.003743,511
2519,0.003669,2315
2520,0.003615,210
2521,0.003592,1729
2522,0.003592,1724
2523,0.003592,1728
2524,0.003592,2075
2525,0.003592,2076
2526,0.003592,1727
2527,0.003592,1726
2528,0.003592,1725
2529,0.003592,2074
2530,0.003549,934
2531,0.003539,740
2532,0.003539,742
2533,0.003508,2480
2534,0.003323,1742
2535,0.003266,3485
2536,0.003252,1271
2537,0.003243,186
2538,0.003243,187
2539,0.003129,1295
2540,0.003071,1278
2541,0.003071,752
2542,0.003061,1343
2543,0.003061,1342
2544,0.003061,1331
2545,0.003061,1345
2546,0.003061,1346
2547,0.003061,1347
2548,0.003061,1344
2549,0.003061,1348
2550,0.003061,1341
2551,0.003061,1349
2552,0.003061,1340
2553,0.003061,1339
2554,0.003061,1337
2555,0.003061,1338
2556,0.003061,1377
2557,0.003061,1336
2558,0.003061,1327
2559,0.003061,1328
2560,0.003061,1326
2561,0.003061,1325
2562,0.003061,1335
2563,0.003061,1334
2564,0.003061,1330
2565,0.003061,1332
2566,0.003061,1333
2567,0.003061,1329
2568,0.003061,1376
2569,0.003061,1391
2570,0.003061,1383
2571,0.003061,1406
2572,0.003061,1384
2573,0.003061,1362
2574,0.003061,1385
2575,0.003061,1370
2576,0.003061,1369
2577,0.003061,1379
2578,0.003061,1354
2579,0.003061,1368
2580,0.003061,1380
2581,0.003061,1382
2582,0.003061,1381
2583,0.003061,1386
2584,0.003061,1405
2585,0.003061,1390
2586,0.003061,1353
2587,0.003061,1400
2588,0.003061,1399
2589,0.003061,1371
2590,0.003061,1398
2591,0.003061,1401
2592,0.003061,1402
2593,0.003061,1403
2594,0.003061,1352
2595,0.003061,1387
2596,0.003061,1372
2597,0.003061,1404
2598,0.003061,1388
2599,0.003061,1373
2600,0.003061,1375
2601,0.003061,1393
2602,0.003061,1389
2603,0.003061,1378
2604,0.003061,1397
2605,0.003061,1396
2606,0.003061,1395
2607,0.003061,1366
2608,0.003061,1350
2609,0.003061,1394
2610,0.003061,1359
2611,0.003061,1360
2612,0.003061,1365
2613,0.003061,1361
2614,0.003061,1392
2615,0.003061,1363
2616,0.003061,1357
2617,0.003061,1356
2618,0.003061,1358
2619,0.003061,1374
2620,0.003061,1351
2621,0.003061,1355
2622,0.003061,1364
2623,0.003061,1367
2624,0.002998,1980
2625,0.002998,1979
2626,0.002998,1978
2627,0.002852,1947
2628,0.002852,1946
2629,0.002852,1949
2630,0.002852,1948
2631,0.002805,415
2632,0.002805,876
2633,0.002805,1601
2634,0.002783,3495
2635,0.002783,3494
2636,0.002762,248
2637,0.002735,1222
2638,0.002682,212
2639,0.002682,211
2640,0.002682,213
2641,0.002662,185
2642,0.002575,2764
2643,0.002575,3221
2644,0.002575,2765
2645,0.002575,2763
2646,0.002575,3222
2647,0.002575,2481
2648,0.002575,3223
2649,0.002575,2482
2650,0.002575,2766
2651,0.002575,3220
2652,0.002575,2527
2653,0.002575,3218
2654,0.002575,3385
2655,0.002575,2853
2656,0.002575,3219
2657,0.002575,2854
2658,0.002575,2856
2659,0.002575,2855
2660,0.002575,3216
2661,0.002575,3217
2662,0.002575,3384
2663,0.002575,2857
2664,0.002575,3381
2665,0.002575,3380
2666,0.002575,3382
2667,0.002575,3383
2668,0.002388,1809
2669,0.002388,1805
2670,0.002388,1803
2671,0.002388,1804
2672,0.002388,1808
2673,0.002388,1807
2674,0.002388,1810
2675,0.002388,1819
2676,0.002388,1812
2677,0.002388,1813
2678,0.002388,1814
2679,0.002388,1818
2680,0.002388,1811
2681,0.002388,1816
2682,0.002388,1815
2683,0.002388,1817
2684,0.002375,1511
2685,0.002305,2514
2686,0.002217,362
2687,0.002185,1131
2688,0.002185,1132
2689,0.002185,1158
2690,0.002185,1133
2691,0.002185,1134
2692,0.002185,1098
2693,0.002185,1130
2694,0.002185,1157
2695,0.002185,1135
2696,0.002185,1129
2697,0.002185,1159
2698,0.002185,1099
2699,0.002185,1318
2700,0.002185,1097
2701,0.002185,1320
2702,0.002185,1319
2703,0.002185,1321
2704,0.002185,1096
2705,0.002185,1322
2706,0.002185,1141
2707,0.002185,1142
2708,0.002185,1136
2709,0.002185,1317
2710,0.002185,1314
2711,0.002185,1156
2712,0.002185,1143
2713,0.002185,1144
2714,0.002185,1077
2715,0.002185,1127
2716,0.002185,1155
2717,0.002185,1300
2718,0.002185,1301
2719,0.002185,1147
2720,0.002185,1303
2721,0.002185,1148
2722,0.002185,1302
2723,0.002185,1304
2724,0.002185,1150
2725,0.002185,1308
2726,0.002185,1309
2727,0.002185,1307
2728,0.002185,1305
2729,0.002185,1306
2730,0.002185,1149
2731,0.002185,1146
2732,0.002185,1128
2733,0.002185,1125
2734,0.002185,1124
2735,0.002185,1126
2736,0.002185,1153
2737,0.002185,1154
2738,0.002185,1313
2739,0.002185,1323
2740,0.002185,1311
2741,0.002185,1123
2742,0.002185,1122
2743,0.002185,1151
2744,0.002185,1152
2745,0.002185,1145
2746,0.002185,1312
2747,0.002185,1324
2748,0.002185,1140
2749,0.002185,1085
2750,0.002185,1111
2751,0.002185,1084
2752,0.002185,1109
2753,0.002185,1112
2754,0.002185,1110
2755,0.002185,1108
2756,0.002185,1093
2757,0.002185,1090
2758,0.002185,1091
2759,0.002185,1089
2760,0.002185,1086
2761,0.002185,1087
2762,0.002185,1113
2763,0.002185,1114
2764,0.002185,1310
2765,0.002185,1119
2766,0.002185,1082
2767,0.002185,1120
2768,0.002185,1083
2769,0.002185,1121
2770,0.002185,1081
2771,0.002185,1118
2772,0.002185,1117
2773,0.002185,1138
2774,0.002185,1115
2775,0.002185,1116
2776,0.002185,1080
2777,0.002185,1092
2778,0.002185,1088
2779,0.002185,1139
2780,0.002185,1106
2781,0.002185,1095
2782,0.002185,1137
2783,0.002185,1102
2784,0.002185,1104
2785,0.002185,1103
2786,0.002185,1079
2787,0.002185,1105
2788,0.002185,1101
2789,0.002185,1100
2790,0.002185,1078
2791,0.002185,1094
2792,0.002185,1107
2793,0.002138,1259
2794,0.002138,1514
2795,0.002138,1196
2796,0.002138,1215
2797,0.002138,1493
2798,0.002138,1494
2799,0.002138,1492
2800,0.002138,1482
2801,0.002138,1512
2802,0.002138,1513
2803,0.002138,1480
2804,0.002138,1479
2805,0.001975,189
2806,0.001868,378
2807,0.001868,351
2808,0.001868,1603
2809,0.001868,377
2810,0.001868,1606
2811,0.001868,1602
2812,0.001868,1611
2813,0.001868,315
2814,0.001868,376
2815,0.001868,1434
2816,0.001868,431
2817,0.001857,331
2818,0.00185,2904
2819,0.00185,2920
2820,0.00185,2903
2821,0.00185,2910
2822,0.00185,2907
2823,0.00185,2911
2824,0.00185,2905
2825,0.00185,2909
2826,0.00185,2906
2827,0.00185,2912
2828,0.00185,2908
2829,0.00185,3448
2830,0.00185,3486
2831,0.00185,3473
2832,0.00185,3470
2833,0.00185,3476
2834,0.00185,3461
2835,0.00185,3469
2836,0.00185,3487
2837,0.00185,3475
2838,0.00185,3467
2839,0.00185,3466
2840,0.00185,3468
2841,0.00185,3471
2842,0.00185,3472
2843,0.00185,3450
2844,0.00185,3488
2845,0.00185,3447
2846,0.001832,2033
2847,0.001832,2031
2848,0.001832,2032
2849,0.001832,2024
2850,0.001832,2264
2851,0.001832,2023
2852,0.001832,2034
2853,0.001832,2025
2854,0.001832,2026
2855,0.001832,2029
2856,0.001832,2027
2857,0.001832,2028
2858,0.001832,2030
2859,0.001789,252
2860,0.001789,251
2861,0.001531,2968
2862,0.001531,3003
2863,0.001531,2967
2864,0.001531,2994
2865,0.001531,2993
2866,0.001531,3004
2867,0.001531,2966
2868,0.001531,2997
2869,0.001531,2995
2870,0.001531,3000
2871,0.001531,3001
2872,0.001531,3002
2873,0.001531,2999
2874,0.001531,2996
2875,0.001531,2998
2876,0.001531,3053
2877,0.001531,2992
2878,0.001531,2983
2879,0.001531,2991
2880,0.001531,2974
2881,0.001531,2975
2882,0.001531,2976
2883,0.001531,2977
2884,0.001531,2969
2885,0.001531,2973
2886,0.001531,2979
2887,0.001531,2972
2888,0.001531,2970
2889,0.001531,2960
2890,0.001531,2971
2891,0.001531,2978
2892,0.001531,2961
2893,0.001531,2990
2894,0.001531,2985
2895,0.001531,2987
2896,0.001531,2988
2897,0.001531,2989
2898,0.001531,2986
2899,0.001531,2984
2900,0.001531,2962
2901,0.001531,3006
2902,0.001531,2980
2903,0.001531,2981
2904,0.001531,2982
2905,0.001531,3005
2906,0.001531,3049
2907,0.001531,3007
2908,0.001531,3008
2909,0.001531,3033
2910,0.001531,3034
2911,0.001531,3035
2912,0.001531,3032
2913,0.001531,3031
2914,0.001531,3030
2915,0.001531,3027
2916,0.001531,3028
2917,0.001531,3029
2918,0.001531,3036
2919,0.001531,3037
2920,0.001531,3038
2921,0.001531,3041
2922,0.001531,3042
2923,0.001531,3044
2924,0.001531,3043
2925,0.001531,3045
2926,0.001531,3047
2927,0.001531,3039
2928,0.001531,3040
2929,0.001531,3046
2930,0.001531,3026
2931,0.001531,3025
2932,0.001531,2958
2933,0.001531,3048
2934,0.001531,3012
2935,0.001531,3051
2936,0.001531,3050
2937,0.001531,3052
2938,0.001531,2965
2939,0.001531,3009
2940,0.001531,3010
2941,0.001531,3011
2942,0.001531,3013
2943,0.001531,3014
2944,0.001531,3024
2945,0.001531,3022
2946,0.001531,3023
2947,0.001531,3020
2948,0.001531,3021
2949,0.001531,3019
2950,0.001531,3015
2951,0.001531,3016
2952,0.001531,3017
2953,0.001531,3018
2954,0.001531,2959
2955,0.001531,2964
2956,0.001531,2957
2957,0.001531,3115
2958,0.001531,3116
2959,0.001531,3118
2960,0.001531,3114
2961,0.001531,3113
2962,0.001531,3112
2963,0.001531,3111
2964,0.001531,3110
2965,0.001531,3117
2966,0.001531,3119
2967,0.001531,3087
2968,0.001531,3126
2969,0.001531,3127
2970,0.001531,3120
2971,0.001531,3125
2972,0.001531,3124
2973,0.001531,3123
2974,0.001531,3122
2975,0.001531,3121
2976,0.001531,3109
2977,0.001531,3108
2978,0.001531,3107
2979,0.001531,3094
2980,0.001531,3095
2981,0.001531,3106
2982,0.001531,3093
2983,0.001531,3092
2984,0.001531,3091
2985,0.001531,2956
2986,0.001531,3089
2987,0.001531,3096
2988,0.001531,3097
2989,0.001531,3098
2990,0.001531,3103
2991,0.001531,3105
2992,0.001531,3104
2993,0.001531,3102
2994,0.001531,3099
2995,0.001531,3101
2996,0.001531,3100
2997,0.001531,3128
2998,0.001531,3129
2999,0.001531,3130
3000,0.001531,3158
3001,0.001531,3159
3002,0.001531,3151
3003,0.001531,3157
3004,0.001531,3156
3005,0.001531,3155
3006,0.001531,3154
3007,0.001531,3153
3008,0.001531,3160
3009,0.001531,3161
3010,0.001531,3162
3011,0.001531,3167
3012,0.001531,3169
3013,0.001531,3168
3014,0.001531,3166
3015,0.001531,3163
3016,0.001531,3165
3017,0.001531,3164
3018,0.001531,3152
3019,0.001531,3150
3020,0.001531,3131
3021,0.001531,3137
3022,0.001531,3138
3023,0.001531,3149
3024,0.001531,3136
3025,0.001531,3135
3026,0.001531,3134
3027,0.001531,3133
3028,0.001531,3132
3029,0.001531,3139
3030,0.001531,3140
3031,0.001531,3141
3032,0.001531,3146
3033,0.001531,3148
3034,0.001531,3147
3035,0.001531,3145
3036,0.001531,3142
3037,0.001531,3144
3038,0.001531,3143
3039,0.001531,3088
3040,0.001531,3090
3041,0.001531,3086
3042,0.001531,2935
3043,0.001531,2934
3044,0.001531,2936
3045,0.001531,2932
3046,0.001531,2937
3047,0.001531,2933
3048,0.001531,2931
3049,0.001531,2939
3050,0.001531,3054
3051,0.001531,3055
3052,0.001531,2963
3053,0.001531,3085
3054,0.001531,2951
3055,0.001531,2938
3056,0.001531,2940
3057,0.001531,3057
3058,0.001531,2947
3059,0.001531,2946
3060,0.001531,2948
3061,0.001531,2944
3062,0.001531,2949
3063,0.001531,2945
3064,0.001531,2952
3065,0.001531,2941
3066,0.001531,2942
3067,0.001531,2955
3068,0.001531,2943
3069,0.001531,2953
3070,0.001531,2954
3071,0.001531,3056
3072,0.001531,2950
3073,0.001531,3058
3074,0.001531,3072
3075,0.001531,3074
3076,0.001531,3073
3077,0.001531,3071
3078,0.001531,3076
3079,0.001531,3069
3080,0.001531,3068
3081,0.001531,3075
3082,0.001531,3077
3083,0.001531,3066
3084,0.001531,3082
3085,0.001531,3084
3086,0.001531,3083
3087,0.001531,3081
3088,0.001531,3078
3089,0.001531,3080
3090,0.001531,3079
3091,0.001531,3067
3092,0.001531,3070
3093,0.001531,3065
3094,0.001531,3063
3095,0.001531,3064
3096,0.001531,3060
3097,0.001531,3059
3098,0.001531,3062
3099,0.001531,3061
3100,0.001414,1026
3101,0.00137,3281
3102,0.00137,3277
3103,0.00137,3497
3104,0.00137,3496
3105,0.00137,2624
3106,0.00137,3280
3107,0.00137,3279
3108,0.00137,3278
3109,0.001284,328
3110,0.001284,332
3111,0.001284,330
3112,0.001284,329
3113,0.001284,454
3114,0.001284,327
3115,0.001284,802
3116,0.001284,326
3117,0.000933,1591
3118,0.000933,1590
3119,0.000933,1589
3120,0.000933,1279
3121,0.000933,318
3122,0.000933,317
3123,0.000933,1277
3124,0.000933,268
3125,0.000933,316
3126,0.000894,249
3127,0.000894,250
3128,0.000894,259
3129,0.000874,2
3130,0.000874,109
3131,0.000874,184
3132,0.000874,61
3133,0.000874,60
3134,0.000874,63
3135,0.000874,62
3136,0.000874,64
3137,0.000874,69
3138,0.000874,67
3139,0.000874,66
3140,0.000874,65
3141,0.000874,59
3142,0.000874,58
3143,0.000874,57
3144,0.000874,50
3145,0.000874,49
3146,0.000874,56
3147,0.000874,51
3148,0.000874,52
3149,0.000874,53
3150,0.000874,54
3151,0.000874,55
3152,0.000874,68
3153,0.000874,70
3154,0.000874,92
3155,0.000874,84
3156,0.000874,83
3157,0.000874,86
3158,0.000874,85
3159,0.000874,87
3160,0.000874,71
3161,0.000874,90
3162,0.000874,89
3163,0.000874,88
3164,0.000874,82
3165,0.000874,81
3166,0.000874,80
3167,0.000874,73
3168,0.000874,72
3169,0.000874,79
3170,0.000874,74
3171,0.000874,75
3172,0.000874,76
3173,0.000874,77
3174,0.000874,78
3175,0.000874,48
3176,0.000874,47
3177,0.000874,46
3178,0.000874,16
3179,0.000874,15
3180,0.000874,18
3181,0.000874,17
3182,0.000874,19
3183,0.000874,45
3184,0.000874,22
3185,0.000874,21
3186,0.000874,20
3187,0.000874,14
3188,0.000874,13
3189,0.000874,12
3190,0.000874,4
3191,0.000874,3
3192,0.000874,10
3193,0.000874,5
3194,0.000874,6
3195,0.000874,7
3196,0.000874,8
3197,0.000874,9
3198,0.000874,23
3199,0.000874,24
3200,0.000874,25
3201,0.000874,39
3202,0.000874,38
3203,0.000874,36
3204,0.000874,40
3205,0.000874,41
3206,0.000874,42
3207,0.000874,43
3208,0.000874,44
3209,0.000874,37
3210,0.000874,35
3211,0.000874,26
3212,0.000874,28
3213,0.000874,27
3214,0.000874,34
3215,0.000874,29
3216,0.000874,30
3217,0.000874,31
3218,0.000874,32
3219,0.000874,33
3220,0.000874,91
3221,0.000874,93
3222,0.000874,183
3223,0.000874,153
3224,0.000874,152
3225,0.000874,155
3226,0.000874,154
3227,0.000874,156
3228,0.000874,161
3229,0.000874,159
3230,0.000874,158
3231,0.000874,157
3232,0.000874,151
3233,0.000874,150
3234,0.000874,149
3235,0.000874,142
3236,0.000874,141
3237,0.000874,148
3238,0.000874,143
3239,0.000874,144
3240,0.000874,145
3241,0.000874,146
3242,0.000874,147
3243,0.000874,160
3244,0.000874,162
3245,0.000874,94
3246,0.000874,176
3247,0.000874,175
3248,0.000874,178
3249,0.000874,177
3250,0.000874,179
3251,0.000874,163
3252,0.000874,182
3253,0.000874,181
3254,0.000874,180
3255,0.000874,174
3256,0.000874,173
3257,0.000874,172
3258,0.000874,165
3259,0.000874,164
3260,0.000874,171
3261,0.000874,166
3262,0.000874,167
3263,0.000874,168
3264,0.000874,169
3265,0.000874,170
3266,0.000874,140
3267,0.000874,139
3268,0.000874,138
3269,0.000874,107
3270,0.000874,106
3271,0.000874,110
3272,0.000874,108
3273,0.000874,111
3274,0.000874,137
3275,0.000874,114
3276,0.000874,113
3277,0.000874,112
3278,0.000874,105
3279,0.000874,104
3280,0.000874,103
3281,0.000874,96
3282,0.000874,95
3283,0.000874,102
3284,0.000874,97
3285,0.000874,98
3286,0.000874,99
3287,0.000874,100
3288,0.000874,101
3289,0.000874,115
3290,0.000874,116
3291,0.000874,117
3292,0.000874,131
3293,0.000874,130
3294,0.000874,128
3295,0.000874,132
3296,0.000874,133
3297,0.000874,134
3298,0.000874,135
3299,0.000874,136
3300,0.000874,129
3301,0.000874,127
3302,0.000874,118
3303,0.000874,120
3304,0.000874,119
3305,0.000874,126
3306,0.000874,121
3307,0.000874,122
3308,0.000874,123
3309,0.000874,124
3310,0.000874,125
3311,0.000874,11
3312,0.000874,1
3313,0.000874,538
3314,0.000874,662
3315,0.000874,663
3316,0.000874,660
3317,0.000874,661
3318,0.000874,659
3319,0.000874,665
3320,0.000874,656
3321,0.000874,657
3322,0.000874,658
3323,0.000874,664
3324,0.000874,666
3325,0.000874,539
3326,0.000874,674
3327,0.000874,675
3328,0.000874,672
3329,0.000874,673
3330,0.000874,671
3331,0.000874,667
3332,0.000874,668
3333,0.000874,669
3334,0.000874,670
3335,0.000874,655
3336,0.000874,654
3337,0.000874,653
3338,0.000874,639
3339,0.000874,640
3340,0.000874,637
3341,0.000874,638
3342,0.000874,636
3343,0.000874,652
3344,0.000874,633
3345,0.000874,634
3346,0.000874,635
3347,0.000874,641
3348,0.000874,642
3349,0.000874,643
3350,0.000874,650
3351,0.000874,651
3352,0.000874,644
3353,0.000874,649
3354,0.000874,648
3355,0.000874,647
3356,0.000874,646
3357,0.000874,645
3358,0.000874,676
3359,0.000874,677
3360,0.000874,678
3361,0.000874,709
3362,0.000874,710
3363,0.000874,707
3364,0.000874,708
3365,0.000874,706
3366,0.000874,701
3367,0.000874,703
3368,0.000874,704
3369,0.000874,705
3370,0.000874,711
3371,0.000874,712
3372,0.000874,713
3373,0.000874,720
3374,0.000874,722
3375,0.000874,714
3376,0.000874,719
3377,0.000874,718
3378,0.000874,717
3379,0.000874,716
3380,0.000874,715
3381,0.000874,702
3382,0.000874,700
3383,0.000874,679
3384,0.000874,686
3385,0.000874,687
3386,0.000874,684
3387,0.000874,685
3388,0.000874,683
3389,0.000874,699
3390,0.000874,680
3391,0.000874,681
3392,0.000874,682
3393,0.000874,688
3394,0.000874,689
3395,0.000874,690
3396,0.000874,697
3397,0.000874,698
3398,0.000874,691
3399,0.000874,696
3400,0.000874,695
3401,0.000874,694
3402,0.000874,693
3403,0.000874,692
3404,0.000874,632
3405,0.000874,631
3406,0.000874,630
3407,0.000874,569
3408,0.000874,570
3409,0.000874,567
3410,0.000874,568
3411,0.000874,566
3412,0.000874,572
3413,0.000874,563
3414,0.000874,564
3415,0.000874,565
3416,0.000874,571
3417,0.000874,573
3418,0.000874,629
3419,0.000874,581
3420,0.000874,582
3421,0.000874,579
3422,0.000874,580
3423,0.000874,578
3424,0.000874,574
3425,0.000874,575
3426,0.000874,576
3427,0.000874,577
3428,0.000874,562
3429,0.000874,561
3430,0.000874,560
3431,0.000874,546
3432,0.000874,547
3433,0.000874,544
3434,0.000874,545
3435,0.000874,543
3436,0.000874,559
3437,0.000874,540
3438,0.000874,541
3439,0.000874,542
3440,0.000874,548
3441,0.000874,549
3442,0.000874,550
3443,0.000874,557
3444,0.000874,558
3445,0.000874,551
3446,0.000874,556
3447,0.000874,555
3448,0.000874,554
3449,0.000874,553
3450,0.000874,552
3451,0.000874,583
3452,0.000874,584
3453,0.000874,585
3454,0.000874,616
3455,0.000874,617
3456,0.000874,614
3457,0.000874,615
3458,0.000874,613
3459,0.000874,586
3460,0.000874,610
3461,0.000874,611
3462,0.000874,612
3463,0.000874,618
3464,0.000874,619
3465,0.000874,620
3466,0.000874,627
3467,0.000874,628
3468,0.000874,621
3469,0.000874,626
3470,0.000874,625
3471,0.000874,624
3472,0.000874,623
3473,0.000874,622
3474,0.000874,609
3475,0.000874,608
3476,0.000874,607
3477,0.000874,593
3478,0.000874,594
3479,0.000874,591
3480,0.000874,592
3481,0.000874,590
3482,0.000874,606
3483,0.000874,587
3484,0.000874,588
3485,0.000874,589
3486,0.000874,595
3487,0.000874,596
3488,0.000874,597
3489,0.000874,604
3490,0.000874,605
3491,0.000874,598
3492,0.000874,603
3493,0.000874,602
3494,0.000874,601
3495,0.000874,600
3496,0.000874,599
3497,0.000597,1170
3498,0.000437,3498
